{
    "accel_to_decel_enable": "0",
    "bottom_shell_layers": "0",
    "bottom_shell_thickness": "1",
    "brim_type": "no_brim",
    "default_acceleration": "4000",
    "default_jerk": "10",
    "extra_perimeters_on_overhangs": "1",
    "from": "User",
    "gap_infill_speed": "15",
    "infill_direction": "0",
    "inherits": "0.20mm Standard @Voron",
    "initial_layer_acceleration": "2000",
    "initial_layer_infill_speed": "15",
    "initial_layer_jerk": "10",
    "initial_layer_line_width": "125%",
    "initial_layer_print_height": "0.12",
    "initial_layer_speed": "15",
    "inner_wall_acceleration": "2000",
    "inner_wall_jerk": "10",
    "inner_wall_line_width": "100%",
    "inner_wall_speed": "15",
    "internal_solid_infill_acceleration": "75%",
    "internal_solid_infill_line_width": "140%",
    "internal_solid_infill_pattern": "alignedrectilinear",
    "internal_solid_infill_speed": "15",
    "is_custom_defined": "0",
    "is_infill_first": "1",
    "layer_height": "0.12",
    "line_width": "115%",
    "min_width_top_surface": "200%",
    "name": "Clear PETG",
    "only_one_wall_first_layer": "1",
    "only_one_wall_top": "1",
    "outer_wall_acceleration": "1000",
    "outer_wall_jerk": "10",
    "outer_wall_line_width": "100%",
    "outer_wall_speed": "15",
    "precise_outer_wall": "1",
    "print_settings_id": "Clear PETG",
    "skirt_distance": "5",
    "skirt_height": "3",
    "skirt_loops": "3",
    "sparse_infill_acceleration": "7000",
    "sparse_infill_density": "100%",
    "sparse_infill_line_width": "160%",
    "sparse_infill_pattern": "alignedrectilinear",
    "sparse_infill_speed": "15",
    "support_line_width": "100%",
    "support_on_build_plate_only": "1",
    "support_speed": "15",
    "support_type": "tree(auto)",
    "top_shell_layers": "0",
    "top_shell_thickness": "1",
    "top_surface_acceleration": "2000",
    "top_surface_jerk": "10",
    "top_surface_line_width": "100%",
    "top_surface_speed": "60",
    "travel_acceleration": "10000",
    "version": "1.6.5.2",
    "wall_generator": "classic",
    "wall_loops": "1",
    "wipe_on_loops": "1"
}
