{
    "accel_to_decel_enable": "0",
    "alternate_extra_wall": "1",
    "bottom_shell_layers": "5",
    "bottom_shell_thickness": "1",
    "bridge_acceleration": "75%",
    "brim_type": "no_brim",
    "default_acceleration": "40000",
    "default_jerk": "12",
    "ensure_vertical_shell_thickness": "ensure_moderate",
    "extra_perimeters_on_overhangs": "1",
    "from": "User",
    "gap_infill_speed": "500",
    "inherits": "0.20mm Standard @Voron",
    "initial_layer_acceleration": "6000",
    "initial_layer_infill_speed": "300",
    "initial_layer_jerk": "10",
    "initial_layer_line_width": "125%",
    "initial_layer_speed": "200",
    "inner_wall_acceleration": "40000",
    "inner_wall_jerk": "12",
    "inner_wall_line_width": "100%",
    "inner_wall_speed": "600",
    "internal_solid_infill_acceleration": "85%",
    "internal_solid_infill_line_width": "140%",
    "internal_solid_infill_speed": "600",
    "is_custom_defined": "0",
    "is_infill_first": "1",
    "line_width": "115%",
    "name": "PIF Xperimental",
    "only_one_wall_first_layer": "1",
    "only_one_wall_top": "1",
    "outer_wall_acceleration": "20000",
    "outer_wall_jerk": "10",
    "outer_wall_line_width": "100%",
    "outer_wall_speed": "500",
    "precise_outer_wall": "1",
    "print_settings_id": "PIF Xperimental",
    "skirt_distance": "5",
    "skirt_height": "3",
    "skirt_loops": "3",
    "small_perimeter_speed": "90%",
    "sparse_infill_acceleration": "40000",
    "sparse_infill_density": "40%",
    "sparse_infill_line_width": "160%",
    "sparse_infill_pattern": "cubic",
    "sparse_infill_speed": "800",
    "support_interface_speed": "100",
    "support_line_width": "100%",
    "support_on_build_plate_only": "1",
    "support_speed": "350",
    "support_type": "tree(auto)",
    "top_shell_layers": "5",
    "top_shell_thickness": "1",
    "top_surface_acceleration": "8000",
    "top_surface_jerk": "10",
    "top_surface_line_width": "100%",
    "top_surface_speed": "300",
    "travel_acceleration": "40000",
    "travel_speed": "800",
    "version": "1.6.5.2",
    "wall_generator": "classic",
    "wall_loops": "4",
    "wipe_before_external_loop": "1",
    "wipe_on_loops": "1"
}
