{
    "accel_to_decel_enable": "0",
    "alternate_extra_wall": "1",
    "bottom_shell_layers": "5",
    "bottom_shell_thickness": "1",
    "bottom_surface_pattern": "rectilinear",
    "brim_object_gap": "0.3",
    "brim_type": "outer_only",
    "default_jerk": "10",
    "enable_support": "1",
    "ensure_vertical_shell_thickness": "ensure_moderate",
    "extra_perimeters_on_overhangs": "1",
    "from": "User",
    "inherits": "0.20mm Standard @Voron",
    "initial_layer_acceleration": "300",
    "initial_layer_infill_speed": "100",
    "initial_layer_jerk": "10",
    "initial_layer_line_width": "125%",
    "inner_wall_acceleration": "8000",
    "inner_wall_jerk": "10",
    "inner_wall_line_width": "100%",
    "internal_solid_infill_acceleration": "75%",
    "internal_solid_infill_line_width": "140%",
    "is_custom_defined": "0",
    "is_infill_first": "1",
    "line_width": "115%",
    "min_width_top_surface": "200%",
    "name": "Blasters B1Z0N",
    "only_one_wall_first_layer": "1",
    "only_one_wall_top": "1",
    "outer_wall_acceleration": "2000",
    "outer_wall_jerk": "10",
    "outer_wall_line_width": "100%",
    "outer_wall_speed": "60",
    "print_settings_id": "Blasters B1Z0N",
    "raft_contact_distance": "0.12",
    "reduce_crossing_wall": "1",
    "skirt_distance": "5",
    "skirt_height": "3",
    "skirt_loops": "3",
    "sparse_infill_acceleration": "8000",
    "sparse_infill_density": "30%",
    "sparse_infill_line_width": "160%",
    "sparse_infill_pattern": "gyroid",
    "support_interface_top_layers": "0",
    "support_line_width": "100%",
    "support_object_xy_distance": "0.5",
    "support_on_build_plate_only": "1",
    "support_speed": "120",
    "support_top_z_distance": "0.1",
    "support_type": "tree(auto)",
    "top_shell_layers": "5",
    "top_shell_thickness": "1",
    "top_surface_acceleration": "1000",
    "top_surface_jerk": "10",
    "top_surface_line_width": "100%",
    "top_surface_pattern": "rectilinear",
    "top_surface_speed": "50",
    "travel_acceleration": "10000",
    "travel_speed": "300",
    "tree_support_wall_count": "2",
    "version": "1.6.5.2",
    "wall_loops": "4",
    "wipe_on_loops": "1"
}
