{
    "bottom_shell_layers": "6",
    "bottom_shell_thickness": "1",
    "brim_type": "no_brim",
    "default_acceleration": "8000",
    "enable_support": "1",
    "exclude_object": "1",
    "extra_perimeters_on_overhangs": "1",
    "from": "User",
    "infill_wall_overlap": "25%",
    "inherits": "0.20mm Standard @BBL X1C",
    "initial_layer_infill_speed": "100",
    "initial_layer_line_width": "125%",
    "inner_wall_acceleration": "8000",
    "inner_wall_line_width": "100%",
    "inner_wall_speed": "250",
    "internal_solid_infill_acceleration": "75%",
    "internal_solid_infill_line_width": "140%",
    "internal_solid_infill_speed": "200",
    "is_custom_defined": "0",
    "line_width": "115%",
    "name": "Blasters 31k",
    "outer_wall_acceleration": "3000",
    "outer_wall_line_width": "100%",
    "outer_wall_speed": "150",
    "print_settings_id": "Blasters 31k",
    "skirt_distance": "5",
    "skirt_height": "3",
    "skirt_loops": "3",
    "sparse_infill_acceleration": "8000",
    "sparse_infill_density": "50%",
    "sparse_infill_line_width": "160%",
    "sparse_infill_pattern": "cubic",
    "sparse_infill_speed": "300",
    "support_line_width": "100%",
    "support_on_build_plate_only": "1",
    "support_remove_small_overhang": "0",
    "top_shell_layers": "6",
    "top_surface_line_width": "100%",
    "top_surface_speed": "100",
    "version": "2.0.0.54",
    "wall_generator": "arachne",
    "wall_loops": "4"
}
