{
    "accel_to_decel_enable": "0",
    "alternate_extra_wall": "1",
    "bottom_shell_layers": "5",
    "bottom_shell_thickness": "1",
    "brim_type": "outer_only",
    "default_acceleration": "4000",
    "default_jerk": "10",
    "enable_support": "1",
    "ensure_vertical_shell_thickness": "ensure_moderate",
    "extra_perimeters_on_overhangs": "1",
    "from": "User",
    "gap_infill_speed": "30",
    "inherits": "0.20mm Standard @Voron",
    "initial_layer_acceleration": "2000",
    "initial_layer_infill_speed": "100",
    "initial_layer_jerk": "10",
    "initial_layer_line_width": "125%",
    "inner_wall_acceleration": "2000",
    "inner_wall_jerk": "10",
    "inner_wall_line_width": "100%",
    "inner_wall_speed": "150",
    "internal_solid_infill_acceleration": "75%",
    "internal_solid_infill_line_width": "140%",
    "is_custom_defined": "0",
    "is_infill_first": "1",
    "line_width": "115%",
    "min_width_top_surface": "200%",
    "name": "Blasters Mammoth Greg",
    "only_one_wall_first_layer": "1",
    "only_one_wall_top": "1",
    "outer_wall_acceleration": "1000",
    "outer_wall_jerk": "10",
    "outer_wall_line_width": "100%",
    "outer_wall_speed": "80",
    "print_settings_id": "Blasters Mammoth Greg",
    "skirt_distance": "5",
    "skirt_height": "3",
    "skirt_loops": "3",
    "sparse_infill_acceleration": "5000",
    "sparse_infill_density": "30%",
    "sparse_infill_line_width": "160%",
    "sparse_infill_pattern": "cubic",
    "sparse_infill_speed": "300",
    "support_line_width": "100%",
    "support_on_build_plate_only": "1",
    "support_speed": "120",
    "support_type": "normal(manual)",
    "top_shell_layers": "5",
    "top_shell_thickness": "1",
    "top_surface_acceleration": "2000",
    "top_surface_jerk": "10",
    "top_surface_line_width": "100%",
    "top_surface_speed": "60",
    "travel_acceleration": "5000",
    "travel_speed": "300",
    "version": "1.6.5.2",
    "wall_generator": "classic",
    "wall_loops": "4",
    "wipe_on_loops": "1"
}
