{
    "bottom_shell_layers": "6",
    "bottom_shell_thickness": "1",
    "enable_support": "1",
    "extra_perimeters_on_overhangs": "1",
    "from": "User",
    "inherits": "0.20mm Standard @BBL X1C",
    "is_custom_defined": "0",
    "name": "blaster 31k",
    "print_settings_id": "blaster 31k",
    "sparse_infill_density": "50%",
    "sparse_infill_pattern": "gyroid",
    "support_on_build_plate_only": "1",
    "support_remove_small_overhang": "0",
    "support_type": "tree(auto)",
    "top_shell_layers": "6",
    "version": "2.0.0.54",
    "wall_generator": "arachne",
    "wall_loops": "4"
}
