{
    "accel_to_decel_enable": "0",
    "bottom_shell_layers": "5",
    "bottom_shell_thickness": "1",
    "brim_type": "no_brim",
    "default_acceleration": "4000",
    "default_jerk": "10",
    "detect_overhang_wall": "0",
    "enable_prime_tower": "1",
    "ensure_vertical_shell_thickness": "none",
    "from": "User",
    "gap_infill_speed": "30",
    "infill_direction": "35",
    "inherits": "0.20mm Standard @Voron",
    "initial_layer_acceleration": "2000",
    "initial_layer_infill_speed": "100",
    "initial_layer_jerk": "10",
    "initial_layer_line_width": "100%",
    "initial_layer_print_height": "0.16",
    "inner_wall_acceleration": "2000",
    "inner_wall_jerk": "10",
    "inner_wall_line_width": "100%",
    "inner_wall_speed": "150",
    "internal_solid_infill_acceleration": "75%",
    "internal_solid_infill_line_width": "100%",
    "is_custom_defined": "0",
    "is_infill_first": "1",
    "layer_height": "0.08",
    "line_width": "100%",
    "min_width_top_surface": "200%",
    "name": "BT-ERCF HueForge FlatForge",
    "only_one_wall_first_layer": "1",
    "only_one_wall_top": "1",
    "outer_wall_acceleration": "1000",
    "outer_wall_jerk": "10",
    "outer_wall_line_width": "100%",
    "outer_wall_speed": "80",
    "prime_tower_brim_width": "0",
    "prime_tower_width": "80",
    "print_settings_id": "BT-ERCF HueForge FlatForge",
    "skirt_distance": "5",
    "skirt_height": "3",
    "solid_infill_direction": "35",
    "sparse_infill_acceleration": "5000",
    "sparse_infill_density": "100%",
    "sparse_infill_line_width": "100%",
    "sparse_infill_pattern": "rectilinear",
    "sparse_infill_speed": "300",
    "support_line_width": "100%",
    "support_on_build_plate_only": "1",
    "support_speed": "120",
    "support_type": "tree(auto)",
    "top_shell_layers": "5",
    "top_shell_thickness": "1",
    "top_surface_acceleration": "2000",
    "top_surface_jerk": "10",
    "top_surface_line_width": "100%",
    "top_surface_pattern": "monotonic",
    "top_surface_speed": "60",
    "travel_acceleration": "5000",
    "travel_speed": "300",
    "version": "1.6.5.2",
    "wall_loops": "1",
    "wipe_on_loops": "1"
}
