{
    "accel_to_decel_enable": "0",
    "bottom_shell_layers": "4",
    "bottom_shell_thickness": "1",
    "brim_object_gap": "0",
    "brim_type": "no_brim",
    "default_acceleration": "4000",
    "default_jerk": "10",
    "enable_prime_tower": "1",
    "extra_perimeters_on_overhangs": "1",
    "from": "User",
    "gap_infill_speed": "30",
    "inherits": "0.20mm Standard @Voron",
    "initial_layer_acceleration": "2000",
    "initial_layer_infill_speed": "100",
    "initial_layer_jerk": "10",
    "initial_layer_line_width": "110%",
    "inner_wall_acceleration": "2000",
    "inner_wall_jerk": "10",
    "inner_wall_line_width": "100%",
    "inner_wall_speed": "150",
    "internal_solid_infill_acceleration": "75%",
    "internal_solid_infill_line_width": "140%",
    "is_custom_defined": "0",
    "is_infill_first": "1",
    "line_width": "100%",
    "min_width_top_surface": "200%",
    "name": "BT-ERCF Maker Chip",
    "only_one_wall_first_layer": "1",
    "only_one_wall_top": "1",
    "outer_wall_acceleration": "1000",
    "outer_wall_jerk": "10",
    "outer_wall_line_width": "100%",
    "outer_wall_speed": "80",
    "precise_outer_wall": "1",
    "print_settings_id": "BT-ERCF Maker Chip",
    "skirt_distance": "5",
    "skirt_height": "3",
    "skirt_loops": "3",
    "sparse_infill_acceleration": "7000",
    "sparse_infill_density": "100%",
    "sparse_infill_line_width": "160%",
    "sparse_infill_pattern": "zig-zag",
    "sparse_infill_speed": "300",
    "support_line_width": "100%",
    "support_on_build_plate_only": "1",
    "support_speed": "120",
    "support_style": "organic",
    "support_type": "tree(auto)",
    "top_shell_thickness": "1",
    "top_surface_acceleration": "2000",
    "top_surface_jerk": "10",
    "top_surface_line_width": "100%",
    "top_surface_speed": "60",
    "travel_acceleration": "10000",
    "version": "1.6.5.2",
    "wall_generator": "classic",
    "wall_loops": "2",
    "wipe_on_loops": "1"
}
