{
    "bottom_shell_layers": "3",
    "bottom_surface_pattern": "monotonicline",
    "brim_type": "no_brim",
    "detect_thin_wall": "1",
    "flush_into_support": "0",
    "from": "User",
    "inherits": "0.12mm Fine @BBL X1C",
    "initial_layer_infill_speed": "60",
    "initial_layer_line_width": "0.42",
    "initial_layer_speed": "40",
    "inner_wall_speed": "200",
    "internal_solid_infill_speed": "200",
    "is_custom_defined": "0",
    "layer_height": "0.2",
    "name": "makerchip",
    "only_one_wall_first_layer": "1",
    "outer_wall_speed": "150",
    "print_settings_id": "makerchip",
    "sparse_infill_density": "100%",
    "sparse_infill_pattern": "zig-zag",
    "sparse_infill_speed": "200",
    "top_shell_layers": "4",
    "top_surface_line_width": "0.35",
    "top_surface_speed": "45",
    "version": "1.10.0.35",
    "wall_generator": "arachne"
}
