{
    "accel_to_decel_enable": "0",
    "bottom_surface_pattern": "monotonicline",
    "bridge_flow": "1",
    "bridge_speed": "50",
    "brim_type": "no_brim",
    "default_acceleration": "10000",
    "default_jerk": "10",
    "elefant_foot_compensation": "0.15",
    "enable_prime_tower": "1",
    "flush_into_support": "0",
    "from": "User",
    "gap_infill_speed": "350",
    "infill_wall_overlap": "15%",
    "inherits": "0.20mm Standard @Voron",
    "initial_layer_infill_speed": "60",
    "initial_layer_jerk": "10",
    "initial_layer_line_width": "0.42",
    "initial_layer_speed": "40",
    "inner_wall_acceleration": "10000",
    "inner_wall_jerk": "10",
    "inner_wall_line_width": "0.45",
    "internal_bridge_speed": "150%",
    "internal_solid_infill_line_width": "0.42",
    "is_custom_defined": "0",
    "line_width": "0.42",
    "name": "Maker Chip",
    "only_one_wall_first_layer": "1",
    "only_one_wall_top": "1",
    "outer_wall_acceleration": "5000",
    "outer_wall_jerk": "10",
    "outer_wall_line_width": "0.42",
    "outer_wall_speed": "150",
    "overhang_1_4_speed": "60",
    "overhang_2_4_speed": "30",
    "overhang_3_4_speed": "10",
    "precise_outer_wall": "1",
    "prime_tower_width": "35",
    "print_settings_id": "Maker Chip",
    "skirt_distance": "5",
    "skirt_height": "3",
    "skirt_loops": "3",
    "sparse_infill_density": "100%",
    "sparse_infill_pattern": "zig-zag",
    "support_line_width": "0.42",
    "support_on_build_plate_only": "1",
    "support_speed": "120",
    "support_type": "tree(auto)",
    "top_shell_thickness": "0.6",
    "top_surface_acceleration": "2000",
    "top_surface_jerk": "10",
    "top_surface_line_width": "0.35",
    "top_surface_speed": "45",
    "travel_acceleration": "10000",
    "travel_speed": "500",
    "version": "1.6.5.2",
    "wall_loops": "2",
    "wipe_on_loops": "1"
}
