{
    "accel_to_decel_enable": "0",
    "bridge_acceleration": "100%",
    "bridge_speed": "600",
    "brim_type": "no_brim",
    "default_acceleration": "100000",
    "default_jerk": "24",
    "detect_overhang_wall": "0",
    "enable_overhang_speed": "0",
    "from": "User",
    "gap_infill_speed": "500",
    "infill_combination": "1",
    "infill_jerk": "24",
    "inherits": "0.20mm Standard @Voron",
    "initial_layer_acceleration": "80000",
    "initial_layer_infill_speed": "400",
    "initial_layer_jerk": "24",
    "initial_layer_print_height": "0.25",
    "initial_layer_speed": "400",
    "inner_wall_acceleration": "100000",
    "inner_wall_jerk": "24",
    "inner_wall_line_width": "0.5",
    "inner_wall_speed": "500",
    "internal_bridge_speed": "100%",
    "internal_solid_infill_line_width": "0.5",
    "internal_solid_infill_pattern": "alignedrectilinear",
    "internal_solid_infill_speed": "500",
    "is_custom_defined": "0",
    "layer_height": "0.25",
    "line_width": "0.5",
    "name": "speed bency",
    "only_one_wall_first_layer": "1",
    "only_one_wall_top": "1",
    "outer_wall_acceleration": "80000",
    "outer_wall_jerk": "24",
    "outer_wall_line_width": "0.5",
    "outer_wall_speed": "500",
    "precise_outer_wall": "1",
    "print_settings_id": "speed bency",
    "role_based_wipe_speed": "0",
    "seam_gap": "100%",
    "seam_position": "nearest",
    "skirt_distance": "5",
    "skirt_height": "3",
    "small_perimeter_speed": "100%",
    "sparse_infill_acceleration": "100000",
    "sparse_infill_density": "10%",
    "sparse_infill_line_width": "0.5",
    "sparse_infill_pattern": "lightning",
    "sparse_infill_speed": "500",
    "support_interface_speed": "100",
    "support_on_build_plate_only": "1",
    "support_speed": "250",
    "support_type": "tree(auto)",
    "top_shell_layers": "3",
    "top_shell_thickness": "0",
    "top_surface_acceleration": "80000",
    "top_surface_jerk": "24",
    "top_surface_line_width": "0.5",
    "top_surface_speed": "500",
    "travel_acceleration": "100000",
    "travel_jerk": "24",
    "travel_speed": "600",
    "version": "1.6.5.2",
    "wall_generator": "classic",
    "wall_loops": "2",
    "wipe_speed": "100%"
}
