{
    "brim_object_gap": "1",
    "from": "User",
    "gap_infill_speed": "80",
    "infill_wall_overlap": "25%",
    "inherits": "0.20mm Standard @BBL X1C",
    "inner_wall_speed": "150",
    "internal_solid_infill_speed": "150",
    "name": "ST TPU-64D",
    "outer_wall_speed": "120",
    "print_settings_id": "ST TPU-64D",
    "resolution": "0.02",
    "skeleton_infill_density": "20%",
    "skin_infill_density": "20%",
    "skirt_loops": "3",
    "sparse_infill_density": "20%",
    "sparse_infill_pattern": "gyroid",
    "sparse_infill_speed": "120",
    "support_interface_spacing": "0.1",
    "support_interface_speed": "70",
    "support_interface_top_layers": "3",
    "support_speed": "80",
    "support_threshold_angle": "45",
    "thick_bridges": "1",
    "top_shell_layers": "3",
    "top_surface_speed": "120",
    "version": "2.0.0.91",
    "wall_loops": "3"
}
