{
    "accel_to_decel_enable": "0",
    "alternate_extra_wall": "1",
    "bottom_shell_layers": "5",
    "bottom_shell_thickness": "1",
    "bridge_flow": "1",
    "bridge_speed": "50",
    "brim_object_gap": "1",
    "default_acceleration": "3000",
    "default_jerk": "0",
    "ensure_vertical_shell_thickness": "ensure_moderate",
    "from": "User",
    "gap_infill_speed": "80",
    "inherits": "0.20mm Standard @Voron",
    "initial_layer_infill_speed": "80",
    "initial_layer_jerk": "10",
    "initial_layer_line_width": "125%",
    "inner_wall_acceleration": "2000",
    "inner_wall_jerk": "10",
    "inner_wall_line_width": "112.5%",
    "inner_wall_speed": "80",
    "internal_bridge_speed": "150%",
    "internal_solid_infill_line_width": "105%",
    "internal_solid_infill_speed": "80",
    "is_custom_defined": "0",
    "line_width": "105%",
    "name": "TPU ST-64D",
    "only_one_wall_top": "1",
    "outer_wall_acceleration": "1000",
    "outer_wall_jerk": "10",
    "outer_wall_line_width": "105%",
    "outer_wall_speed": "60",
    "overhang_1_4_speed": "0",
    "overhang_2_4_speed": "50%",
    "overhang_3_4_speed": "30%",
    "overhang_4_4_speed": "10%",
    "print_settings_id": "TPU ST-64D",
    "skirt_height": "3",
    "skirt_loops": "3",
    "sparse_infill_density": "40%",
    "sparse_infill_line_width": "112.5%",
    "sparse_infill_pattern": "cubic",
    "sparse_infill_speed": "80",
    "support_line_width": "105%",
    "support_on_build_plate_only": "1",
    "support_speed": "80",
    "support_type": "tree(auto)",
    "thick_bridges": "1",
    "top_shell_layers": "5",
    "top_shell_thickness": "1",
    "top_surface_acceleration": "1000",
    "top_surface_jerk": "10",
    "top_surface_line_width": "105%",
    "top_surface_speed": "80",
    "travel_acceleration": "10000",
    "travel_speed": "500",
    "version": "1.6.5.2",
    "wall_generator": "classic",
    "wall_loops": "50"
}
