{
    "adaptive_bed_mesh_margin": "0",
    "auxiliary_fan": "0",
    "bbl_use_printhost": "0",
    "bed_custom_model": "/Users/alexmosley/Library/Mobile Documents/com~apple~CloudDocs/NAS Stuff/3D Printer stuff/Voron-Extras-main/Voron-Extras-main/Bed_Models/SuperSlicer/SW/SW_bed_model.stl",
    "bed_custom_texture": "/Users/alexmosley/Library/Mobile Documents/com~apple~CloudDocs/NAS Stuff/3D Printer stuff/Voron-Extras-main/Voron-Extras-main/Bed_Models/SuperSlicer/SW/PDG bed model.png",
    "bed_exclude_area": [
        "0x0"
    ],
    "bed_mesh_max": "99999,99999",
    "bed_mesh_min": "-99999,-99999",
    "bed_mesh_probe_distance": "50,50",
    "before_layer_change_gcode": ";BEFORE_LAYER_CHANGE\n;[layer_z]\nG92 E0\n",
    "best_object_pos": "0.5,0.5",
    "change_extrusion_role_gcode": "",
    "change_filament_gcode": "",
    "cooling_tube_length": "5",
    "cooling_tube_retraction": "91.5",
    "default_bed_type": "",
    "default_filament_profile": [
        "Generic PLA @System"
    ],
    "default_print_profile": "0.20mm Standard @Voron",
    "deretraction_speed": [
        "30"
    ],
    "disable_m73": "0",
    "emit_machine_limits_to_gcode": "1",
    "enable_filament_ramming": "1",
    "enable_long_retraction_when_cut": "0",
    "extra_loading_move": "-2",
    "extruder_clearance_height_to_lid": "140",
    "extruder_clearance_height_to_rod": "36",
    "extruder_clearance_radius": "65",
    "extruder_colour": [
        "#FCE94F"
    ],
    "extruder_offset": [
        "0x0"
    ],
    "fan_kickstart": "0",
    "fan_speedup_overhangs": "1",
    "fan_speedup_time": "0",
    "from": "User",
    "gcode_flavor": "marlin",
    "head_wrap_detect_zone": [],
    "high_current_on_filament_swap": "0",
    "host_type": "prusaconnect",
    "inherits": "Voron Switchwire 250 0.4 nozzle",
    "is_custom_defined": "0",
    "layer_change_gcode": ";AFTER_LAYER_CHANGE\n;[layer_z]",
    "long_retractions_when_cut": [
        "0"
    ],
    "machine_end_gcode": "{if max_layer_z < max_print_height}G1 Z{z_offset+min(max_layer_z+1, max_print_height)} F720 ; Move print head up{endif}\nG1 X0 Y200 F3600 ; park\n{if max_layer_z < max_print_height}G1 Z{z_offset+min(max_layer_z+49, max_print_height)} F720 ; Move print head further up{endif}\nG4 ; wait\nM221 S100 ; reset flow\nM900 K0 ; reset LA\n{if print_settings_id=~/.*(DETAIL @MK3S|QUALITY @MK3S|@0.25 nozzle MK3).*/}M907 E538 ; reset extruder motor current{endif}\nM104 S0 ; turn off temperature\nM140 S0 ; turn off heatbed\nM107 ; turn off fan\nM84 ; disable motors\n; max_layer_z = [max_layer_z]",
    "machine_load_filament_time": "0",
    "machine_max_acceleration_e": [
        "2500",
        "5000"
    ],
    "machine_max_acceleration_extruding": [
        "2000",
        "20000"
    ],
    "machine_max_acceleration_retracting": [
        "2500",
        "5000"
    ],
    "machine_max_acceleration_travel": [
        "20000",
        "20000"
    ],
    "machine_max_acceleration_x": [
        "1500",
        "20000"
    ],
    "machine_max_acceleration_y": [
        "1500",
        "20000"
    ],
    "machine_max_acceleration_z": [
        "300",
        "200"
    ],
    "machine_max_jerk_e": [
        "2.5",
        "2.5"
    ],
    "machine_max_jerk_x": [
        "6",
        "12"
    ],
    "machine_max_jerk_y": [
        "6",
        "12"
    ],
    "machine_max_jerk_z": [
        "0.2",
        "0.4"
    ],
    "machine_max_junction_deviation": [
        "0",
        "0"
    ],
    "machine_max_speed_e": [
        "120",
        "25"
    ],
    "machine_max_speed_x": [
        "120",
        "200"
    ],
    "machine_max_speed_y": [
        "120",
        "200"
    ],
    "machine_max_speed_z": [
        "12",
        "12"
    ],
    "machine_min_extruding_rate": [
        "0",
        "0"
    ],
    "machine_min_travel_rate": [
        "0",
        "0"
    ],
    "machine_pause_gcode": "M601",
    "machine_start_gcode": "M862.3 P \"[printer_model]\" ; printer model check\nM862.1 P[nozzle_diameter] ; nozzle diameter check\nM115 U3.13.0 ; tell printer latest fw version\nG90 ; use absolute coordinates\nM83 ; extruder relative mode\nM104 S[first_layer_temperature] ; set extruder temp\nM140 S[first_layer_bed_temperature] ; set bed temp\nM190 S[first_layer_bed_temperature] ; wait for bed temp\nG4 P300000\nM109 S[first_layer_temperature] ; wait for extruder temp\nG28 W ; home all without mesh bed level\nG80 ; mesh bed leveling\n{if filament_settings_id[initial_tool]=~/.*Prusament PA11.*/}\nG1 Z0.3 F720\nG1 Y-3 F1000 ; go outside print area\nG92 E0\nG1 X60 E9 F1000 ; intro line\nG1 X100 E9 F1000 ; intro line\n{else}\nG1 Z0.2 F720\nG1 Y-3 F1000 ; go outside print area\nG92 E0\nG1 X60 E9 F1000 ; intro line\nG1 X100 E12.5 F1000 ; intro line\n{endif}\nG92 E0\nM221 S{if layer_height<0.075}100{else}95{endif}",
    "machine_tool_change_time": "0",
    "machine_unload_filament_time": "0",
    "manual_filament_change": "0",
    "max_layer_height": [
        "0.3"
    ],
    "max_resonance_avoidance_speed": "120",
    "min_layer_height": [
        "0.08"
    ],
    "min_resonance_avoidance_speed": "70",
    "name": "Blue Prusa",
    "nozzle_diameter": [
        "0.4"
    ],
    "nozzle_height": "2.5",
    "nozzle_hrc": "0",
    "nozzle_type": "hardened_steel",
    "nozzle_volume": "0",
    "parking_pos_retraction": "92",
    "pellet_modded_printer": "0",
    "preferred_orientation": "0",
    "printable_area": [
        "0x0",
        "250x0",
        "250x210",
        "0x210"
    ],
    "printable_height": "210",
    "printer_model": "Voron Switchwire 250",
    "printer_notes": "",
    "printer_settings_id": "Blue Prusa",
    "printer_structure": "undefine",
    "printer_technology": "FFF",
    "printer_variant": "0.4",
    "printhost_authorization_type": "key",
    "printhost_ssl_ignore_revoke": "0",
    "printing_by_object_gcode": "",
    "purge_in_prime_tower": "1",
    "resonance_avoidance": "0",
    "retract_before_wipe": [
        "70%"
    ],
    "retract_length_toolchange": [
        "2"
    ],
    "retract_lift_above": [
        "0"
    ],
    "retract_lift_below": [
        "0"
    ],
    "retract_lift_enforce": [
        "All Surfaces"
    ],
    "retract_restart_extra": [
        "0"
    ],
    "retract_restart_extra_toolchange": [
        "0"
    ],
    "retract_when_changing_layer": [
        "1"
    ],
    "retraction_distances_when_cut": [
        "18"
    ],
    "retraction_length": [
        "0.8"
    ],
    "retraction_minimum_travel": [
        "1"
    ],
    "retraction_speed": [
        "30"
    ],
    "scan_first_layer": "0",
    "silent_mode": "0",
    "single_extruder_multi_material": "1",
    "support_air_filtration": "1",
    "support_chamber_temp_control": "1",
    "support_multi_bed_types": "0",
    "template_custom_gcode": "",
    "thumbnails": "160x120/PNG",
    "thumbnails_format": "PNG",
    "time_cost": "0",
    "time_lapse_gcode": "",
    "travel_slope": [
        "3"
    ],
    "upward_compatible_machine": [],
    "use_firmware_retraction": "0",
    "use_relative_e_distances": "1",
    "version": "2.3.1.0",
    "wipe": [
        "1"
    ],
    "wipe_distance": [
        "1"
    ],
    "z_hop": [
        "0.4"
    ],
    "z_hop_types": [
        "Normal Lift"
    ],
    "z_offset": "0"
}
