{
    "adaptive_bed_mesh_margin": "0",
    "auxiliary_fan": "1",
    "bbl_use_printhost": "0",
    "bed_custom_model": "/Volumes/Nas1/3D print files/3D Printer stuff/Voron-Extras-main/Voron-Extras-main/Bed_Models/SuperSlicer/Trident/VT_300mm_bed_model.stl",
    "bed_custom_texture": "/Volumes/Nas1/3D print files/3D Printer stuff/300 custom bed.png",
    "bed_exclude_area": [
        "0x0"
    ],
    "bed_mesh_max": "99999,99999",
    "bed_mesh_min": "-99999,-99999",
    "bed_mesh_probe_distance": "50,50",
    "before_layer_change_gcode": ";BEFORE_LAYER_CHANGE\n;[layer_z]\nG92 E0\n",
    "best_object_pos": "0.5,0.5",
    "change_extrusion_role_gcode": "",
    "change_filament_gcode": "T[next_extruder] PURGE_LENGTH=[flush_length]\n{ if toolchange_count == 1 }SET_AFC_TOOLCHANGES TOOLCHANGES=[total_toolchanges]{endif }\n;FLUSH_START\n;EXTERNAL_PURGE {flush_length}\n;FLUSH_END",
    "cooling_tube_length": "0",
    "cooling_tube_retraction": "0",
    "default_filament_profile": [
        "Generic PLA @System"
    ],
    "default_print_profile": "0.20mm Standard @Voron",
    "deretraction_speed": [
        "60"
    ],
    "disable_m73": "0",
    "emit_machine_limits_to_gcode": "1",
    "enable_filament_ramming": "0",
    "enable_long_retraction_when_cut": "0",
    "extra_loading_move": "0",
    "extruder_clearance_height_to_lid": "140",
    "extruder_clearance_height_to_rod": "36",
    "extruder_clearance_radius": "65",
    "extruder_colour": [
        "#FCE94F"
    ],
    "extruder_offset": [
        "0x0"
    ],
    "fan_kickstart": "0",
    "fan_speedup_overhangs": "1",
    "fan_speedup_time": "0",
    "from": "User",
    "gcode_flavor": "klipper",
    "head_wrap_detect_zone": [],
    "high_current_on_filament_swap": "0",
    "host_type": "octoprint",
    "inherits": "Voron Trident 300 0.4 nozzle",
    "is_custom_defined": "0",
    "layer_change_gcode": ";AFTER_LAYER_CHANGE\n;[layer_z]",
    "long_retractions_when_cut": [
        "0"
    ],
    "machine_end_gcode": "PRINT_END",
    "machine_load_filament_time": "46",
    "machine_max_acceleration_e": [
        "10000",
        "5000"
    ],
    "machine_max_acceleration_extruding": [
        "50000",
        "20000"
    ],
    "machine_max_acceleration_retracting": [
        "50000",
        "5000"
    ],
    "machine_max_acceleration_travel": [
        "20000",
        "20000"
    ],
    "machine_max_acceleration_x": [
        "50000",
        "20000"
    ],
    "machine_max_acceleration_y": [
        "50000",
        "20000"
    ],
    "machine_max_acceleration_z": [
        "500",
        "200"
    ],
    "machine_max_jerk_e": [
        "2.5",
        "2.5"
    ],
    "machine_max_jerk_x": [
        "12",
        "12"
    ],
    "machine_max_jerk_y": [
        "12",
        "12"
    ],
    "machine_max_jerk_z": [
        "0.2",
        "0.4"
    ],
    "machine_max_speed_e": [
        "25",
        "25"
    ],
    "machine_max_speed_x": [
        "1000",
        "200"
    ],
    "machine_max_speed_y": [
        "1000",
        "200"
    ],
    "machine_max_speed_z": [
        "12",
        "12"
    ],
    "machine_min_extruding_rate": [
        "0",
        "0"
    ],
    "machine_min_travel_rate": [
        "0",
        "0"
    ],
    "machine_pause_gcode": "PAUSE",
    "machine_start_gcode": "M104 S0 ; Stops SuperSlicer from sending temp waits separately\nM140 S0\nprint_start EXTRUDER=[first_layer_temperature] BED=[first_layer_bed_temperature] CHAMBER=[chamber_temperature]\nTOOL={initial_tool}",
    "machine_tool_change_time": "0",
    "machine_unload_filament_time": "29",
    "manual_filament_change": "0",
    "max_layer_height": [
        "0.32"
    ],
    "min_layer_height": [
        "0.08"
    ],
    "name": "Lando Norris Trident",
    "nozzle_diameter": [
        "0.4"
    ],
    "nozzle_height": "2.5",
    "nozzle_hrc": "0",
    "nozzle_type": "hardened_steel",
    "nozzle_volume": "0",
    "parking_pos_retraction": "0",
    "pellet_modded_printer": "0",
    "preferred_orientation": "0",
    "printable_area": [
        "0x0",
        "300x0",
        "300x300",
        "0x300"
    ],
    "printable_height": "250",
    "printer_model": "Voron Trident 300",
    "printer_notes": "",
    "printer_settings_id": "Lando Norris Trident",
    "printer_structure": "undefine",
    "printer_technology": "FFF",
    "printer_variant": "0.4",
    "printhost_authorization_type": "key",
    "printhost_ssl_ignore_revoke": "0",
    "printing_by_object_gcode": "",
    "purge_in_prime_tower": "1",
    "retract_before_wipe": [
        "90%"
    ],
    "retract_length_toolchange": [
        "0.5"
    ],
    "retract_lift_above": [
        "0.25"
    ],
    "retract_lift_below": [
        "0"
    ],
    "retract_lift_enforce": [
        "All Surfaces"
    ],
    "retract_on_top_layer": [
        "1"
    ],
    "retract_restart_extra": [
        "0"
    ],
    "retract_restart_extra_toolchange": [
        "0"
    ],
    "retract_when_changing_layer": [
        "1"
    ],
    "retraction_distances_when_cut": [
        "18"
    ],
    "retraction_length": [
        "0.4"
    ],
    "retraction_minimum_travel": [
        "1"
    ],
    "retraction_speed": [
        "30"
    ],
    "scan_first_layer": "0",
    "silent_mode": "0",
    "single_extruder_multi_material": "1",
    "support_air_filtration": "1",
    "support_chamber_temp_control": "1",
    "support_multi_bed_types": "0",
    "template_custom_gcode": "",
    "thumbnails": "48x48/PNG, 300x300/PNG",
    "thumbnails_format": "PNG",
    "time_cost": "0",
    "time_lapse_gcode": "",
    "travel_slope": [
        "3"
    ],
    "upward_compatible_machine": [],
    "use_firmware_retraction": "0",
    "use_relative_e_distances": "1",
    "version": "1.9.0.1",
    "wipe": [
        "1"
    ],
    "wipe_distance": [
        "2"
    ],
    "z_hop": [
        "0.2"
    ],
    "z_hop_types": [
        "Normal Lift"
    ],
    "z_offset": "0"
}
