{
    "additional_cooling_fan_speed": [
        "50"
    ],
    "compatible_printers": [],
    "cool_plate_temp": [
        "45"
    ],
    "cool_plate_temp_initial_layer": [
        "45"
    ],
    "eng_plate_temp": [
        "45"
    ],
    "eng_plate_temp_initial_layer": [
        "45"
    ],
    "fan_cooling_layer_time": [
        "30"
    ],
    "fan_max_speed": [
        "80"
    ],
    "fan_min_speed": [
        "70"
    ],
    "filament_cost": [
        "31.99"
    ],
    "filament_density": [
        "1.24"
    ],
    "filament_flow_ratio": [
        "0.96"
    ],
    "filament_max_volumetric_speed": [
        "5"
    ],
    "filament_retraction_length": [
        "0.8"
    ],
    "filament_settings_id": [
        "Pdg TPU ST-64"
    ],
    "filament_z_hop": [
        "0"
    ],
    "from": "User",
    "hot_plate_temp": [
        "45"
    ],
    "hot_plate_temp_initial_layer": [
        "45"
    ],
    "inherits": "Pdg TPU ST-64D @Bambu Lab X1 Carbon 0.4 nozzle",
    "is_custom_defined": "0",
    "name": "Pdg TPU ST-64",
    "nozzle_temperature": [
        "240"
    ],
    "nozzle_temperature_initial_layer": [
        "240"
    ],
    "nozzle_temperature_range_high": [
        "270"
    ],
    "nozzle_temperature_range_low": [
        "240"
    ],
    "overhang_fan_threshold": [
        "25%"
    ],
    "slow_down_min_speed": [
        "20"
    ],
    "supertack_plate_temp": [
        "45"
    ],
    "supertack_plate_temp_initial_layer": [
        "45"
    ],
    "textured_plate_temp": [
        "45"
    ],
    "textured_plate_temp_initial_layer": [
        "45"
    ],
    "version": "2.3.1.10"
}
