{
    "compatible_printers": [],
    "filament_cooling_final_speed": [
        "0"
    ],
    "filament_cooling_initial_speed": [
        "0"
    ],
    "filament_cooling_moves": [
        "1"
    ],
    "filament_loading_speed": [
        "0"
    ],
    "filament_loading_speed_start": [
        "0"
    ],
    "filament_max_volumetric_speed": [
        "8"
    ],
    "filament_ramming_parameters": [
        "120 100| 0.05 6.6 0.45 6.8 0.95 7.8 1.45 8.3 1.95 9.7 2.45 10 2.95 7.6 3.45 7.6 3.95 7.6 4.45 7.6 4.95 7.6"
    ],
    "filament_retraction_length": [
        "0"
    ],
    "filament_settings_id": [
        "Pdg TPU Basic"
    ],
    "filament_unloading_speed": [
        "0"
    ],
    "filament_unloading_speed_start": [
        "0"
    ],
    "filament_z_hop": [
        "0"
    ],
    "from": "User",
    "inherits": "Pdg TPU Basic @Bambu Lab X1 Carbon 0.4 nozzle",
    "name": "Pdg TPU Basic",
    "version": "1.10.0.35"
}
