{
    "compatible_printers": [],
    "fan_cooling_layer_time": [
        "33"
    ],
    "filament_cooling_final_speed": [
        "0"
    ],
    "filament_cooling_initial_speed": [
        "0"
    ],
    "filament_cooling_moves": [
        "1"
    ],
    "filament_flow_ratio": [
        "0.95"
    ],
    "filament_loading_speed": [
        "0"
    ],
    "filament_loading_speed_start": [
        "0"
    ],
    "filament_max_volumetric_speed": [
        "10"
    ],
    "filament_ramming_parameters": [
        "120 100| 0.05 6.6 0.45 6.8 0.95 7.8 1.45 8.3 1.95 9.7 2.45 10 2.95 7.6 3.45 7.6 3.95 7.6 4.45 7.6 4.95 7.6"
    ],
    "filament_retraction_length": [
        "nil"
    ],
    "filament_retraction_speed": [
        "nil"
    ],
    "filament_settings_id": [
        "Pdg PPS-CF 10"
    ],
    "filament_unloading_speed": [
        "0"
    ],
    "filament_unloading_speed_start": [
        "0"
    ],
    "from": "User",
    "inherits": "Pdg PPS-CF 10 @Bambu Lab X1 Carbon 0.4 nozzle",
    "name": "Pdg PPS-CF 10",
    "nozzle_temperature": [
        "320"
    ],
    "nozzle_temperature_initial_layer": [
        "320"
    ],
    "overhang_fan_speed": [
        "100"
    ],
    "overhang_fan_threshold": [
        "95%"
    ],
    "reduce_fan_stop_start_freq": [
        "1"
    ],
    "slow_down_layer_time": [
        "4"
    ],
    "slow_down_min_speed": [
        "20"
    ],
    "version": "1.8.0.25"
}
