{
    "compatible_printers": [],
    "fan_max_speed": [
        "100"
    ],
    "fan_min_speed": [
        "40"
    ],
    "filament_cooling_final_speed": [
        "0"
    ],
    "filament_cooling_initial_speed": [
        "0"
    ],
    "filament_cooling_moves": [
        "1"
    ],
    "filament_loading_speed": [
        "0"
    ],
    "filament_loading_speed_start": [
        "0"
    ],
    "filament_ramming_parameters": [
        "120 100| 0.05 6.6 0.45 6.8 0.95 7.8 1.45 8.3 1.95 9.7 2.45 10 2.95 7.6 3.45 7.6 3.95 7.6 4.45 7.6 4.95 7.6"
    ],
    "filament_settings_id": [
        "Pdg ABS Basic"
    ],
    "filament_unloading_speed": [
        "0"
    ],
    "filament_unloading_speed_start": [
        "0"
    ],
    "from": "User",
    "inherits": "Pdg ABS Basic @Bambu Lab X1 Carbon 0.4 nozzle",
    "name": "Pdg ABS Basic",
    "overhang_fan_speed": [
        "100"
    ],
    "overhang_fan_threshold": [
        "10%"
    ],
    "slow_down_min_speed": [
        "20"
    ],
    "support_material_interface_fan_speed": [
        "100"
    ],
    "version": "1.10.0.35"
}
