{
    "compatible_printers": [],
    "fan_cooling_layer_time": [
        "15"
    ],
    "fan_max_speed": [
        "100"
    ],
    "filament_cooling_final_speed": [
        "0"
    ],
    "filament_cooling_initial_speed": [
        "0"
    ],
    "filament_cooling_moves": [
        "1"
    ],
    "filament_density": [
        "1.17"
    ],
    "filament_flow_ratio": [
        "0.92"
    ],
    "filament_loading_speed": [
        "0"
    ],
    "filament_loading_speed_start": [
        "0"
    ],
    "filament_max_volumetric_speed": [
        "12"
    ],
    "filament_ramming_parameters": [
        "120 100| 0.05 6.6 0.45 6.8 0.95 7.8 1.45 8.3 1.95 9.7 2.45 10 2.95 7.6 3.45 7.6 3.95 7.6 4.45 7.6 4.95 7.6"
    ],
    "filament_settings_id": [
        "Pdg PA-CF Basic"
    ],
    "filament_unloading_speed": [
        "0"
    ],
    "filament_unloading_speed_start": [
        "0"
    ],
    "from": "User",
    "hot_plate_temp": [
        "80"
    ],
    "hot_plate_temp_initial_layer": [
        "80"
    ],
    "inherits": "Pdg PA-CF Basic @Bambu Lab X1 Carbon 0.4 nozzle",
    "name": "Pdg PA-CF Basic",
    "nozzle_temperature": [
        "280"
    ],
    "nozzle_temperature_initial_layer": [
        "280"
    ],
    "slow_down_min_speed": [
        "10"
    ],
    "version": "1.10.0.35"
}
