{
    "compatible_printers": [],
    "fan_max_speed": [
        "0"
    ],
    "fan_min_speed": [
        "0"
    ],
    "filament_flow_ratio": [
        "0.94"
    ],
    "filament_max_volumetric_speed": [
        "6"
    ],
    "filament_settings_id": [
        "Pdg PLA Clear"
    ],
    "from": "User",
    "inherits": "Pdg PLA Clear @Bambu Lab X1 Carbon 0.4 nozzle",
    "name": "Pdg PLA Clear",
    "nozzle_temperature": [
        "210"
    ],
    "nozzle_temperature_initial_layer": [
        "210"
    ],
    "reduce_fan_stop_start_freq": [
        "0"
    ],
    "slow_down_min_speed": [
        "10"
    ],
    "version": "1.10.0.35"
}
