{
    "close_fan_the_first_x_layers": [
        "1"
    ],
    "default_filament_colour": [
        "#FF8000"
    ],
    "filament_end_gcode": [
        "\n"
    ],
    "filament_flow_ratio": [
        "0.924"
    ],
    "filament_max_volumetric_speed": [
        "13"
    ],
    "filament_settings_id": [
        "Switchwire ABS"
    ],
    "filament_start_gcode": [
        ""
    ],
    "from": "User",
    "full_fan_speed_layer": [
        "4"
    ],
    "hot_plate_temp": [
        "110"
    ],
    "hot_plate_temp_initial_layer": [
        "110"
    ],
    "inherits": "Prusa Generic ABS @MK4",
    "name": "Switchwire ABS",
    "nozzle_temperature": [
        "245"
    ],
    "nozzle_temperature_initial_layer": [
        "245"
    ],
    "version": "1.7.1.4"
}
