{
    "default_filament_colour": [
        "#0080FF"
    ],
    "filament_end_gcode": [
        "\n"
    ],
    "filament_max_volumetric_speed": [
        "13"
    ],
    "filament_retraction_speed": [
        "60"
    ],
    "filament_settings_id": [
        "Switchwire PLA"
    ],
    "filament_start_gcode": [
        ""
    ],
    "from": "User",
    "inherits": "Prusa Generic PLA @MK4",
    "name": "Switchwire PLA",
    "nozzle_temperature": [
        "215"
    ],
    "nozzle_temperature_initial_layer": [
        "215"
    ],
    "version": "1.7.1.4"
}
